ID_LATTES,FULL_NAME,CITADO,CITY,STATE,RESUME,UPDATE
729503635411770,André Luciano Rakowski,"RAKOWSKI, A. L.",Catuípe,RS,"Atualmente cursa Ciência da Computação pela Universidade Federal de Santa Maria. Possui Curso Técnico em Informática pela Escola Técnica Estadual 25 de Julho (2016). Foi bolsista de Iniciação Científica CNPq/EM da Universidade Regional do Noroeste do Estado do Rio Grande do Sul (sob orientação do Dr. Luiz Antônio Rasia, líder do Grupo de Pesquisa em Projetos em Sistema Mecânicos Mecatrônica e Robótica). Participa do projeto Pesquisa e Desenvolvimento em Redes de Sensores para Monitoramento de Linhas Férreas em Bitola Métrica (GMOB/UFSM). Desenvolve projetos nos seguintes temas: inclusão digital, acessibilidade, sensores piezoresitivos e processamento de sinais.",07-06-2020
8796491947184490,Giancarlo Lucca,"LUCCA, Giancarlo.;LUCCA, G.;LUCCA, GIANCARLO",Ijuí,RS,"Possui graduação pela primeira turma de Bacharéis em sistemas de informação da Universidade Federal do Rio Grande (FURG) e mestrado em engenharia de computação também pela federal de Rio Grande. PhD pela Universidad Pública de Navarra (Pamplona, Espanha), juntamente ao grupo GIARA, coordenado pelo Prof. Dr. Humberto Bustince. Tem experiência na área de Sistemas de Informação, com ênfase em Grafos, Lógica fuzzy e Mineração de dados.",26-01-2020
2339717419262914,Leandro Castoldi López,"LÓPEZ, L. C.",Rivera,,"Possui graduação em Informatica: Sistemas de Informação pela Universidade Regional do Noroeste do Estado do Rio Grande do Sul (2005) e Especialização em Governança em Tecnologia da Informação pelo SENAC-RS. Atualmente é Supervisor TI - Bruning Tecnometal, instrutor de espanhol - CIPEX Idiomas e professor de Análise e Projeto de Sistemas e Sistemas Operacionais - Colégio Evangélico Panambi. Tem experiência na área de Ciência da Computação, atuando principalmente nos seguintes temas: analise e desenvolvimento de sistemas, treinamento de programadores e analistas, análise de novas tecnologias e sua aplicação na organização.",08-11-2016
3867942762661182,Renata Galante,"GALANTE, R.;Galante, Renata",Cianorte,PR,"Renata Galante tem mestrado e doutorado em Ciência da Computação pela Universidade Federal do Rio Grande do Sul. Professora associada no Instituto de Informática da Universidade Federal do Rio Grande do Sul (UFRGS)). Diretora Administrativa da Sociedade Brasileira de Computação (SBC). Coordenadora do Curso de Especialização em Big Data e Data Science, do Instituto de Informática da UFRGS. Está envolvida com atividades de extensão, ensino de graduação e pós-graduação e orientação de alunos de mestrado e doutorado. Tem trabalhado em diversos projetos de pesquisa financiados por agências de fomento como CNPq, Finep, Fapergs, Petrobrás e Ministério da Saúde. Desenvolve pesquisa nas áreas de Banco de Dados, Big Data, Data Science, Redes Sociais e Cidades Inteligentes.",20-07-2020
718830701479001,Sergio Luis Sardi Mergen,"MERGEN, S. L. S.;MERGEN, SERGIO L S",Santa Cruz do Sul,RS,"possui graduação em Ciências da Computação pela UNISC (1997-2002), mestrado em Ciências da Computação pela UFRGS (2002-2005) e doutorado também pela UFRGS (2005-2011). Como áreas de pesquisas principais salienta-se a integração de dados e mecanismos de busca estruturada para a Web. Já atuou como analista de sistemas no Banrisul e como docente nos seguintes temas: programação, banco de dados e engenharia de software. Atualmente possui o cargo de professor adjunto na UFSM.",12-04-2019
1977093609893067,Sander Pes Pivetta,SEM_DADOS,Santiago,RS,Acadêmico do Curso de Ciência da Computação na Universidade Federal do Pampa (UNIPAMPA),21-01-2013
2207119794535102,Alvaristo Bernardes do Amaral Padilha,SEM_DADOS,Porto Alegre,RS,,11-01-2010
734189352918833,Fernando Gomes Moro,"MORO, F. G.",,,"Possui graduação em Estatística pela Universidade Federal do Paraná (2016) e Mestrado pelo programa de Métodos Numéricos em Engenharia (2019). Tem experiência na área de Probabilidade e Estatística, com ênfase em Probabilidade e Estatística",14-07-2020
3566418214259909,Luis Fernando Milano Oliveira,"Milano-Oliveira, L.F.;OLIVEIRA, LUIS FERNANDO MILANO",Londrina,SEM_DADOS,SEM_DADOS,18-07-2018
2760542630405330,Mayara Regina Lorenzi,SEM_DADOS,Campo Largo,PR,,23-03-2012
9735097775351422,Danilo Sambugaro de Carlo,"CARLO, D. S.",,,Discente de Ciência da Computação na Universidade Tecnológica Federal do Paraná - UTFPR,13-08-2017
7445302660507386,Rudimar Imhof,"IMHOF, R.",,SEM_DADOS,SEM_DADOS,09-07-2020
7243777210978499,Darlan Florêncio de Arruda,"ARRUDA, DARLAN;ARRUDA, D",Recife,PE,"Possui experiência em Ciência da Computação com ênfase em Gestão de Qualidade, Engenharia de Requisitos e Teste de Software. Mestrado em Engenharia de Computação pela Escola Politécnica da Universidade de Pernambuco - POLI/UPE (2014). Bacharelado em Sistemas de Informação pela Universidade de Pernambuco - UPE (2011). Atualmente é candidato ao título de doutor em Ciência da Computação na University of Western Ontario (2019). Interesses de Pesquisa: Engenharia de Requisitos, Arquitetura e Métricas de Software, Big Data e Sistemas de Informação.",15-08-2019
7147263133111763,Patrícia Souza Silveira,SEM_DADOS,SEM_DADOS,RS,SEM_DADOS,08-01-2008
6985089035450046,Renata de Jesus Silva,SEM_DADOS,Florianópolis,SC,É formada em Sistemas de Informação na Universidade Federal de Santa Catarina. Tem experiência em desenvolvimento Web e teste de software.,07-11-2013
4986021622366786,Carlos Eduardo Santos Pires,"PIRES, C. E. S.;PIRES, C. E.;PIRES, CARLOS EDUARDO SANTOS;PIRES, CARLOS EDUARDO;PIRES, CARLOS EDUARDO S.;SANTOS PIRES, CARLOS EDUARDO;PIRES, CARLOS E.",Recife,PE,"Concluiu a Graduação em Ciência da Computação, em 1997, pela Universidade Federal de Campina Grande (UFCG) e Mestrado em Informática, em 2000, pela mesma instituição. Em 2009, concluiu o Doutorado na Universidade Federal de Pernambuco (UFPE), tendo realizado Doutorado-Sanduíche na Université de Versailles, na França. Atualmente é Professor Associado do Departamento de Sistemas e Computação (DSC), da Universidade Federal de Campina Grande (UFCG). Tem experiência na área de Ciência da Computação, com ênfase em Bancos de Dados, atuando principalmente nos seguintes temas: Qualidade de Dados, Integração de Dados, Descoberta de Conhecimento e Big Data.",08-07-2020
867460619908697,Rodrigo Gonçalves,"GONÇALVES, R.;GONÇALVES, RODRIGO",Florianópolis,SC,"Possui graduação como Bacharel em Ciências da Computação pela Universidade Federal de Santa Catarina (2004) e Mestre em Ciências da Computação, área de Banco de Dados (2007). 

Tem experiência na área de Engenharia de Software e Bancos de Dados, com ênfase em comparação e integração de documentos e bancos de dados XML. Atualmente cursando doutorado na área de Bancos de Dados, com ênfase em recuperação de expertise (Expertise Retrieval).",03-06-2018
3208691140801452,Rafael Garcia,"GARCIA, R.",Porto Alegre,RS,"Mestrando no Programa de Pós-Graduação em Computação (PPGC) da Universidade Federal do Rio Grande do Sul com término previsto para 12/2018. Bacharel em Ciência da Computação pela Universidade Federal do Rio Grande do Sul (UFRGS - 2016/2). Experiência internacional pelo programa BRAFITEC/CAPES, pelo período de um ano na École Nationale Superiéure d'Ingénieurs de Caen (França) entre setembro de 2014 e agosto de 2015.",06-11-2017
3322255992735977,Joaquim Vinicius Carvalho Assunção,"ASSUNCAO, J.;ASSUNCAO, J. V. C.;ASSUNÇÃO, J.;ASSUNÇÃO, J. V. C.;ASSUNÇÃO, JOAQUIM;CARVALHO ASSUNCAO, JOAQUIM V.",São Francisco de Assis,RS,"Professor adjunto na Universidade Federal de Santa Maria (UFSM), departamento de computação aplicada (DCOM).
Possui Doutorado em Ciência da Computação, na área de Computação Científica, subáreas Séries Temporais, Modelagem e Simulação de Sistemas, pela PUCRS (2016) realizado em cooperação com o Institut national de recherche en informatique et en automatique (INRIA) e o Institut Polytechnique de Grenoble (INP), na França. Possui Mestrado em Ciência da Computação (2012) e graduação em Sistemas de Informação (2009), ambos pela PUCRS. Membro da ACM (9928281). Colaborador do Performance Evaluation Group (PEG).
Tem experiência na criação de modelos estocásticos para predição de séries temporais, mineração de dados, e algoritmos de aprendizagem de máquina para dados geológicos. Áreas de interesse: Modelagem Estocástica, Séries Temporais, Aprendizado de Máquina, Mineração de Dados, Ciência dos Dados, Matemática da Computação, e Engenharia de Software.",29-07-2020
2383727409843499,Gustavo Costa Meireles,"MEIRELES, G. C.",Baneário Camboriú,SC,Atualmente é Técnico em Tecnologia da Informação no Instituto Federal Catarinense - Campus Camboriú. Mestrando em Ciência da Computação no Centro de Informática da Universidade Federal de Pernambuco (Em andamento). Possui Graduação em Sistemas de Informação no Instituto Federal Catarinense - Campus Camboriú (2013). Faz parte da Gestão do Instituto Federal Catarinense - Campus Camboriú no cargo de Coordenador de Desenvolvimento Web (2013-2016) e Coordenador de Suporte em Informática (desde 2016). Atua na área de Computação com ênfase em Governança de TI e Desenvolvimento de Sistemas.,16-10-2019
966387234393823,Fernanda Vieira Figueira,"FIGUEIRA, F. V.",Bagé,RS,Possui graduação em Bacharelado em Ciência da Computação pela Universidade Federal de Pelotas (2005) e mestrado em Ciência da Computação pela Pontifícia Universidade Católica do Rio Grande do Sul (2008). Atualmente é Analista de Tecnologia da Informação da Universidade de Brasília.,24-07-2019
3646026898257545,Thiago Cassio Krug,"KRUG, T. C.",Sobradinho,RS,"Possui graduação em Engenharia de Software pela Universidade Federal do Pampa (2013). Atualmente é professor do ensino básico, técnico e tecnológico do Instituto Federal Farroupilha. Tem experiência na área de Ciência da Computação, com ênfase em Engenharia de Software, atuando principalmente nos seguintes temas: entidades nomeadas, inspeção de software, refatoração, e padrões de projeto.",27-01-2020
4559510462924787,Joedeson Fontana Junior,"FONTANA JUNIOR, J.",Santa Maria,RS,Mestrando em Ciências da Computação e Graduado em Curso Superior de Tecnologia em Sistemas para Internet pela Universidade Federal de Santa Maria (UFSM).,09-06-2020
6363039364181184,Khaue Rezende Rodrigues,SEM_DADOS,SEM_DADOS,SC,SEM_DADOS,13-09-2006
5847865533404279,Rodrigo Moreira,"MOREIRA, R.;MOREIRA, RODRIGO",Dores do Indaiá,MG,"Doutorando do Programa de Pós-graduação em Ciência da Computação da Universidade Federal de Uberlândia. Mestre pelo Programa de Pós-graduação em Ciência da Computação da Universidade Federal de Uberlândia (2017). Possui graduação em Sistemas de Informação pela Universidade Federal de Viçosa (2014). Tem experiência na área de Ciência da Computação, com ênfase em Sistemas de Computação, Cloud Computing, SDN, NFV e redes multimídia.",20-05-2020
6905169880963398,Débora Cabral Nazário,"NAZÁRIO, DÉBORA CABRAL;NAZARIO, DEBORA CABRAL",Florianópolis,SC,"Possui graduação em Ciências da Computação pela Universidade Federal de Santa Catarina (2001), mestrado em Ciências da Computação pela Universidade Federal de Santa Catarina (2003) e doutorado em Engenharia e Gestão do Conhecimento pela Universidade Federal de Santa Catarina (2015). Atualmente é professora efetiva da Universidade do Estado de Santa Catarina.",04-12-2019
6055243052118565,Cristina Paludo Santos,"SANTOS, C. P.;P., CRISTINA;SANTOS, CRISTINA PALUDO;PALUDO SANTOS, CRISTINA",PASSO FUNDO,RS,"Membro do Banco de Avaliadores do SINAES - Ministério da Educação e docente na Universidade Regional Integrada do Alto Uruguai e das Missões - campus de Santo Ângelo. Possui mestrado em Ciências da Computação pela Universidade Federal do Rio Grande do Sul e graduação em Informática com Ênfase em Análise de Sistemas pela Universidade Regional do Noroeste do Estado do Rio Grande do Sul. Tem experiência na área de Ciência da Computação, com ênfase em Banco de Dados. Lidera o Grupo de Pesquisa INTEC - Integração de Tecnologias Computacionais. Desenvolve projetos de pesquisa e extensão em parceira com órgãos governamentais e empresas privadas, atuando principalmente nas seguintes áreas: Interface Humano-Computador, Informática na Educação e Tecnologias Assistivas. Membro do Corpo Editorial da Revista Eletrônica Vivências.",18-11-2019
8287139445606249,João Victor Guinelli da Silva,"GUINELLI, J. V.;SILVA, J. V. G.",Sumidouro,RJ,Possui graduação em Sistemas de Informação pelo Centro Federal de Educação Tecnológica Celso Suckow da Fonseca (2018).,31-05-2020
9661132812612213,Euler Taveira de Oliveira,SEM_DADOS,Goiânia,GO,"possui graduação em Engenharia de Computação pela Universidade Federal de Goiás (2002). Tem experiência na área de Ciência da Computação, com ênfase em Banco de Dados, atuando principalmente nos seguintes temas: consultas aproximadas, junção por similaridade e indexação.",24-05-2012
6691159669413992,Elielson Barbosa de Souza,"SOUZA, E. B.",São Bernardo do Campo,SP,"É Bacharel em Sistemas de Informação e Licenciado em Computação pela Universidade Estadual do Norte do Paraná - Campus Luiz Meneghel, tem especialização (Lato Sensu) em Redes de Computadores pela Escola Superior Aberta do Brasil. Possui certificação ITIL® Foundation. Atualmente é Técnico Judiciário no Tribunal Regional do Trabalho da 15º Região atuando na Seção de Operações de Infraestrutura de TIC.",23-02-2019
2076376263541770,Leonardo Augusto Guimarães Garcia,SEM_DADOS,Cuiabá,MT,,24-01-2010
8974041265721813,Taisa Carla Novello,"NOVELLO, T. C.",Erechim,RS,,04-06-2004
5581053144239848,William Bortoluzzi Pereira,"PEREIRA, W. B.;PEREIRA, WILLIAM B.;PEREIRA, WILLIAM;PEREIRA, WILLIAM BORTOLUZZI",,,"Bacharel em Sistemas de Informação pelo Centro Universitário Franciscano. Tem experiência na área de Ciência da Computação, com ênfase em Gestão de Tecnologia de Informação, Modelagem de Processos. Graduado no Programa Especial de Graduação de Formação de Professores para a Educação Profissional (PEG) - Universidade Federal de Santa Maria/UFSM. Mestrando do Programa de Pós Graduação em Ciência da Computação (PPGCC) - Universidade Federal de Santa Maria/UFSM.",21-10-2019
7758924784164781,Deise de Brum Saccol,"SACCOL, D. B.;SACCOL, DEISE DE BRUM",Santa Maria,RS,"Bacharel em Informática pela Universidade Federal de Santa Maria (UFSM, 1999), mestre (2001) e doutora (2008) em Ciência da Computação pela Universidade Federal do Rio Grande do Sul (UFRGS). Realizou estágio de doutorado na University of California (UCLA, EUA), sob a orientação do professor Carlo Zaniolo (2006-2007). Atuou em cursos de graduação e pós-graduação (PUCRS, UFRGS, ULBRA, UCS, UNIPAMPA e UFSM). Trabalhou em duas empresas de Desenvolvimento de Software, na área de Banco de Dados (no Brasil e em Portugal). Atualmente é professora no Departamento de Linguagens e Sistemas de Computação na Universidade Federal de Santa Maria (UFSM), atuando na graduação e no Programa de Pós-Graduação em Ciência da Computação (PPGCC). Foi tutora do grupo PET - Sistemas de Informação (Programa de Educação Tutorial) de 2010 a 2016. Atua na área de Bancos de Dados e Sistemas de Informação, com trabalhos na área de XML, bancos de dados noSQL e refatoração em bancos de dados.",08-06-2020
3898760927613186,Jorge Alberto Fenner Flores Junior,"FLORES JUNIOR, J. A. F.",Sobradinho,RS,"Jorge Alberto Fenner Flores Junior bacharel em Sistemas de Informação e pós-graduado em Tecnologias da Informação e da Comunicação aplicadas à Educação, ambos pela Universidade Federal de Santa Maria e concluiu o Técnico em Informática pela CS Computadores em 2010. Atualmente cursa Licenciatura em Computação na Universidade Federal de Santa Maria.",02-09-2019
9603191382860031,Flavio Roberto Bayer,"BAYER, F. R.",Joinville,SEM_DADOS,SEM_DADOS,20-02-2019
3580058620034457,Bruno Machado Agostinho,"AGOSTINHO, B. M.;AGOSTINHO, BRUNO MACHADO",Florianopolis,SEM_DADOS,SEM_DADOS,28-02-2020
9597436299457760,Bruno Eduardo Soares,"SOARES, B. E.",Cascavel,PR,"Possui graduação em Ciência da Computação (2012) pela Universidade Estadual do Oeste do Paraná e está cursando MBA em Gestão de Projetos pela Univel. Empreende na área da computação atuando, principalmente, com desenvolvimento e análise de sistemas, análise e gestão de projetos e criação e manutenção de bancos de dados. Possui interesse em pesquisa nas áreas de Geoprocessamento, Inteligência artificial e Banco de dados.",15-05-2017
4371561887763653,Jacson Luiz Matte,"MATTE, J. L.",,,"Possui graduação em Ciência da Computação pela Universidade Federal da Fronteira Sul (2015). Especialização em técnologias para aplicações web pela Universidade Norte do Paraná (2017). Atualmente leciona para os cursos de Sistemas de Informação e Engenharia da Computação na UNOESC-Chapecó. Trabahos de pesquisas na área de Mapeamento de Esquemas. Tem experiência na área de Sistemas Embarcados, Sistemas Digitais, Computação Gráfica, Programação Web, Banco de Dados, Analise de Sistemas e Suporte ao Usuário.",29-07-2019
743793296062293,Daniel Cardoso Moraes de Oliveira,"OLIVEIRA, D. C. M.;OLIVEIRA, D.;DE OLIVEIRA, D.;DE OLIVEIRA, DANIEL;OLIVEIRA, DANIEL DE;OLIVEIRA, DANIEL MORAES DE;MORAES DE OLIVEIRA, DANIEL;OLIVEIRA, DANIEL",Rio de Janeiro,RJ,"Daniel de Oliveira é professor do Instituto de Computação da Universidade Federal Fluminense (IC/UFF) desde fevereiro de 2013. Recebeu o grau de Doutor em Engenharia de Sistemas e Computação pela COPPE/UFRJ em 2012 e o de Mestre em Engenharia de Sistemas e Computação em 2008, também pela COPPE/UFRJ. Desde 2013 co-lidera o Grupo de Pesquisa em Banco de Dados da Universidade Federal Fluminense (http://dgp.cnpq.br/dgp/espelhogrupo/0146318332389955). É bolsista de produtividade nível 2 do CNPq desde 2016 e Jovem Cientista do Nosso Estado da FAPERJ também desde 2016. Seus interesses de pesquisa incluem ciência de dados, computação em nuvem, gerência de dados de proveniência, gerência de workflows científicos, paralelismo de dados, bioinformática e mineração de dados. Publicou mais de 150 artigos em periódicos indexados e em congressos nacionais e internacionais. Vem participando de Comitês de Programa de congressos nacionais e internacionais como o VLDB17, IPAW16, SBBD15, SBBD16, WORKS16 além de ser revisor ad-hoc de revistas nacionais e internacionais. Sócio da SBC, IEEE e ACM. Já coordenou/coordena diversos projetos de pesquisa aprovados por órgãos de fomento. Entre eles, cabe destacar: 2 Projetos Universais CNPq, 1 Projeto &quot;Grupos Emergentes FAPERJ&quot;, 1 Projeto &quot;APQ1 FAPERJ&quot; e 2 Projetos &quot;Jovem Cientista do Nosso Estado FAPERJ&quot;, nas áreas de workflows científicos em ambientes de paralelismo e gerência de dados de proveniência além de participar de diversos outros projetos financiados por agências de fomento. Publicou artigos técnicos e é coautor do livro &quot;Data-Intensive Workflow Management for Clouds and Data-Intensive and Scalable Computing Environments&quot;
publicado pela Morgan &amp; Claypool em 2019. Foi chair do comitê de programa do BreSci'14, BreSci'19, WPerformance'16, SBBD Demos'17, BSB'18 e BSB'19. Mais informações podem ser obtidas em http://www.ic.uff.br/~danielcmo e http://dblp.uni-trier.de/pers/hd/o/Oliveira_0001:Daniel_de.",20-07-2020
3761931042835068,Felipe Lanzarin,SEM_DADOS,,,,10-07-2013
3954245456830372,Poline Lottin,SEM_DADOS,Lauro Muller,SC,"Possui graduação em Sistemas de Informação pela Universidade Federal de Santa Catarina (2011). Atualmente é analista e implementadora de sistemas - Softplan Planejamento e Sistemas. Tem experiência na área de Ciência da Computação, com ênfase em Banco de Dados",06-10-2011
7881671179759264,Ricardo Gil Belther Nabo,"NABO, R. G. B.",Foz do Iguaçu,PR,"Possui graduação em Ciência da Computação pela Universidade Estadual do Oeste do Paraná (2012). Atualmente é mestrando da Universidade Federal de Santa Catarina e colaborador no Consiglio Nazionale delle Ricerche. Tem experiência na área de Ciência da Computação, com ênfase em Banco de Dados, atuando principalmente nos seguintes temas: indexação e recuperação de dados em bases de dados espaço-temporais e fusão de dados de trajetórias espaço-temporais com dados de mídias sociais.",28-11-2014
1800535181331562,Fernando Simon,"SIMON, Fernando",Xavantina,SC,,05-03-2008
6307233387359689,Luiz Carlos Ribeiro Junior,SEM_DADOS,Pelotas,RS,"Graduado em Ciência da Computação pela Universidade Católica de Pelotas (2005) e Mestre em Computação Aplicada pela Universidade do Vale do Rio dos Sinos (2008). Em 2008 iniciou a trabalha na GoDigital Tecnologia e Participações, inicialmente como Pesquisador e Desenvolvedor, realizando pesquisas nas áreas de IA e Qualidade de Dados, utilizando a linguagem Java, Design Patterns e metodologias ágeis. Em fevereiro de 2009 tornou-se Líder Técnico da Equipe de Pesquisa &amp; Inovação e em dezembro de 2009 assumiu a gestão da equipe, cargo que ocupou até fevereiro de 2011. Atualmente atua como pesquisador e desenvolvedor na empresa Invenio Software Inteligente, desenvolvendo soluções para turismo. Suas áreas de conhecimento são Ontologias, Aprendizado de Máquina, Qualidade de Dados, Sistemas de Recomendações e Identificação de Perfil.",06-04-2011
8794788615369610,Cristiano Politowski,"POLITOWSKI, C.",Santa Rosa,RS,Mestrando em Ciência da Computação pela Universidade Federal de Santa Maria - UFSM. Graduado em Ciência da Computação pela Universidade Regional do Noroeste do Estado do Rio Grande do Sul - UNIJUÍ campus Santa Rosa. Pesquisador no Grupo de Pesquisa em Engenharia de Software - PEnSo trabalhando com temas como Processos de Desenvolvimento e Jogos Digitais.,27-04-2016
2770999583622791,Ronaldo Canofre Mariano dos Santos,"SANTOS, Ronaldo C. M. dos;CANOFRE, R. M. S.;SANTOS, R. C. M.;SANTOS, C. M. Ronaldo",SANTA MARIA,RS,"Graduado em Ciência da Computação pela Universidade Federal de Santa Maria (2007), com especialização em Aplicações para web pela FURG (2013). Atualmente trabalho como Analista de Tecnologia da Informação na Universidade Federal do Pampa na área de gerenciamento da rede interna. Em todas as experiências profissionais sempre atuei na área de Administração de redes, tendo como complemento a instalação e configuração de servidores, o desenvolvimento de sistemas web e a criação de scripts em shell para solução de problemas ou otimização de rotinas.",14-02-2020
6968807521387651,Danilo Souza da Cunha,"CUNHA, D. S.;da Cunha, Danilo Souza;CUNHA, DANILO SOUZA DA;DA CUNHA, DANILO S.;CUNHA, DANILO;CUNHA, DANILO S. DA",Belém,PA,SEM_DADOS,03-02-2020
149028226656519,Douglas Dyllon Jeronimo de Macedo,"MACEDO, D. D. J.;Douglas D. J. de Macedo;de Macedo, D. D. J.;de Macedo, Douglas D. J.;Douglas Dyllon Jeronimo de Macedo;MACEDO, DOUGLAS D.J. DE;DE MACEDO, DOUGLAS D.J.;MACEDO, DOUGLAS DYLLON JERONIMO DE;MACEDO, DOUGLAS;MACEDO, DOUGLAS D. J. DE;DE MACEDO, DOUGLAS DYLLON JERONIMO;DOUGLAS DE MACEDO, D. J.;DE MACEDO, D.",Ji-Paraná,RO,"Douglas Macedo é Professor Adjunto do Departamento de Ciência da Informação (CIN), da Universidade Federal de Santa Catarina (UFSC). Possui doutorado em Engenharia de Conhecimento (EGC), pela Universidade Federal de Santa Catarina (UFSC). Durante o período do doutorado, esteve atuando como pesquisador visitante na The University of Western Ontario (UWO), em London - Ontario, no Canadá. Atua como pesquisador associado do Instituto Nacional de Convergência Digital (INCoD), atuando no Laboratório de Telemedicina (LabTelemed) e no Laboratório de Pesquisas em Sistemas Distribuídos (LaPeSD) da UFSC. Também atua como Membro Permanente do Programa de Pós-Graduação em Ciência da Computação (PPGCC/UFSC) e do Programa de Pós-Graduação em Ciência da Informação (PGCIN/UFSC). É coordenador do Laboratório de Engenharia e Ciência de Dados (LECID) da UFSC. No passado, atuou como Professor Adjunto do Departamento de Computação (DCOMP) da Universidade Federal de Sergipe (UFS), onde também desempenhou papel de Coordenador do Núcleo de Desenvolvimento de Telemedicina e Telessaúde da UFS. Ainda no passado, foi professor efetivo do Instituto Federal de Santa Catarina (IFSC), onde atuou no Campus Garopaba. Tem experiência na área de Ciência da Computação, com ênfase em Redes de Computadores, Bancos de Dados Não-Convencionais, Sistemas Distribuídos e Informática Médica.",31-07-2020
6439298093380707,Cleto May,"MAY, C.;MAY, CLETO",Braço do Norte,SC,"Tem experiência na área de Banco de Dados trabalhando com dados geográficos, dados ligados e recuperação de informação.",07-11-2014
8488632251760640,Marcos Vinicius de Moura Lima,"LIMA, M. V. M.;LIMA, MARCOS VINICIUS DE MOURA",ERECHIM,RS,"Graduação em andamento em Ciência da Computação pela URI, Universidade Regional Integrada do Alto Uruguai e das Missões, Erechim. Atualmente é bolsista de iniciação científica.",25-03-2019
6335570102189613,Mariana Machado Garcez Duarte,"DUARTE, M. M. G.",,SEM_DADOS,SEM_DADOS,24-07-2019
456516366590574,Rodrigo Machado,"MACHADO, R.;MACHADO, RODRIGO",Porto Alegre,RS,"Possui graduação em Ciência da Computação pela Universidade Federal do Rio Grande do Sul (2002), mestrado em Computação pela Universidade Federal do Rio Grande do Sul (2005) e doutorado em Computação pela Universidade Federal do Rio Grande do Sul (2012). Tem experiência na área de Ciência da Computação, com ênfase em lógicas e semântica de programas, atuando principalmente nos seguintes temas: semântica formal, modelos de computação, sistemas de reescrita de grafos e linguagens de programação funcionais.",17-09-2018
4134668596803043,Igor Eduardo Viana Rudel,"RUDEL, I. E. V.",Santa Maria,SEM_DADOS,SEM_DADOS,29-10-2016
5726259776195113,Wdnei Ribeiro da Paixao,"PAIXAO, W. R.",Serra,ES,"Possui graduação em Bacharelado em Sistema de Informação pelo Instituto Federal de Educação, Ciência e Tecnologia do Espírito Santo (2016), com experiência no exterior pelo programa Ciências Sem Fronteiras realizado na Austrália. Atualmente cursando Mestrado Profissional de Engenharia de Controle e Automação no Instituto Federal do Espirito Santo. Tem experiência na área de Sistemas de Informação, com ênfase em Sistemas de Computação Inteligentes, atuando principalmente no seguintes temas: tecnologia da informação. visão computacional e inteligência artificial.",06-04-2018
2878943895928097,Edécio Fernando Iepsen,"IEPSEN, Edécio F.",Pelotas,RS,SEM_DADOS,26-07-2019
5360960592754214,César Feijó Nadvorny,SEM_DADOS,SEM_DADOS,SEM_DADOS,SEM_DADOS,25-10-2002
5240758839011827,Willian Ventura Koerich,SEM_DADOS,,,,09-08-2012
9967502924584073,Gláucio Ricardo Vivian,"VIVIAN, Gláucio. R.;VIVIAN, Gláucio Ricardo;VIVIAN, G. R.",São Miguel do Oeste,RS,Possui graduação em Ciência da Computação pela Universidade Regional Integrada do Alto Uruguai e das Missões (2009). Especialista em Desenvolvimento de Aplicações Web com a Tecnologia Java pela UNOPAR(2013). Mestrando em Computação Aplicada pela UPF (2017). Atualmente é analista de tecnologia da informação do Instituto Federal Farroupilha Campus Frederico Westphalen.,18-11-2019
4840194867713376,Eduardo Studzinski Estima de Castro,"CASTRO, E.S.E.",Porto Alegre,RS,"Eduardo S. Estima de Castro possui Mestrado em Engenharia da Informática (ENSIMAG - França) e Mestrado em Ciência da Computação (UFRGS - Brasil). Suas principais áreas de interesse são Desenvolvimento de Negócios e Engenharia de Software. Desde 2002, ele desenvolve projetos internacionais de software para óleo e gás e integração de negócios.",18-01-2018
721839644753258,Gustavo Zanini Kantorski,"KANTORSKI, G. Z.;KANTORSKI, GUSTAVO ZANINI",Santa Maria,RS,"Possui graduação em Informática Bacharelado pela Universidade Federal de Santa Maria (1993), mestrado em Ciência da Computação pela Universidade Federal do Rio Grande do Sul (1999) e doutorado em Ciência da Computação pela Universidade Federal do Rio Grande do Sul (2014). Atuou como professor assistente da Universidade Luterana do Brasil (ULBRA), Campus de Santa Maria. Atualmente é analista de TI da Universidade Federal de Santa Maria (UFSM) e é membro da Comissão de Informatização da Gestão, Preservação e Acesso a Documentos Arquivisticos Digitais. Tem experiência na área de Ciência da Computação, com ênfase em Bancos de Dados, atuando principalmente nos seguintes temas: integração de bases de dados heterogêneas, descoberta de conhecimento em bases de dados e Web Oculta/Profunda",03-07-2017
3061704612929866,Cristian Tristão,SEM_DADOS,Gravataí,RS,"Possui graduação em Bacharelado Em Ciência da Computação pela Pontifícia Universidade Católica do Rio Grande do Sul (2004), mestrado em Ciência da Computação pela Pontifícia Universidade Católica do Rio Grande do Sul (2006) e doutorado em Ciência da Computação pela Pontifícia Universidade Católica do Rio de Janeiro (2012) . Tem experiência na área de Ciência da Computação, com ênfase em Banco de Dados, atuando principalmente nos seguintes temas: data mining, business process management, modelagem de dados e bioinformática.",28-09-2012
9339111529388745,Jorge Gustavo Sandoval Simão,"SIMÃO, J. G. S.",Santos,SP,"Mestre em Computação Aplicada na Linha de Pesquisa de Inteligência artificial e graduado em Ciência da Computação pela UNIVALI, atuou desde 2004 como Administrador de Bancos de Dados Relacionais (Oracle, DB2, SQL Server, PostgreSQL e MySQL), tendo migrado em 2017 para a área de Ciência de Dados. Atua como professor universitário, consultor de tecnologia para a Diretoria de Informação e Inteligência (DINI) da Secretaria de Segurança Pública de Santa Catarina (SSP-SC) e pesquisador no Grupo de Pesquisa em Sociedade, Segurança e Cidadania da UNISUL - NESC através da Diretoria de Formação e Capacitação Profissional (DIFC) . Possui experiência também em desenvolvimento para dispositivos móveis (Android), álgebra, cálculo, estatística, sistemas operacionais POSIX e bancos de dados não-relacionais, com suas pesquisas aplicadas para o desenvolvimento de tecnologias para a área de inteligência de estado e computação aplicada em ciência de dados, com foco em Big Data e Data Lakes.",22-11-2019
370301102971417,Luiz Celso Gomes Junior,"GOMES, L.;GOMES-JR, L.;Gomes, Luiz Celso;GOMES, JR., LUIZ;GOMES-JR, LUIZ;GOMES-JR., LUIZ;GOMES, LUIZ",João Monlevade,MG,"Professor no departamento de informática da UTFPR-Curitiba, onde ministra as disciplinas de bancos de dados, ciência de dados e recuperação de informação. Obteve seu doutorado pela UNICAMP, com intercâmbio de pesquisa na UPMC-Paris e postdoc na Université d'Orléans. É pesquisador na área de bancos de dados há mais de 10 anos, com desmembramentos nas áreas de ciência de dados, recuperação de informação e processamento de linguagem natural. Além da experiência acadêmica, trabalhou também na indústria e no governo.",07-07-2020
9799220042481067,Pedro Henrique Stolarski Auceli,"AUCELI, P. H. S.",,SEM_DADOS,SEM_DADOS,18-03-2016
5628596240762051,Holisson Soares da Cunha,"CUNHA, H. S.;SOARES, H.",Alegrete,RS,"Possui Graduação em Ciência da Computação pela Universidade Federal do Pampa (2013). Atualmente é mestrando em Ciência da Computação pela PUCRS. Possui interesse nas áreas de Aprendizado de Máquina e Processamento de Linguagem Natural, com ênfase em mineração de dados sociais.",17-11-2015
5011370918857999,Ronaldo dos Santos Mello,"MELLO, R. S.;MELLO, RONALDO SANTOS;DOS SANTOS MELLO, RONALDO;MELO, RONALDO DOS SANTOS;MELO, RONALDO DOS S.;MELLO, RONALDO DOS SANTOS;MELLO, RONALDO DOS S.",Porto Alegre,RS,"possui graduação (1990), mestrado (1994) e doutorado (2002) em Ciência da Computação pela Universidade Federal do Rio Grande do Sul. Atualmente é professor titular do Departamento de Informática e Estatística da Universidade Federal de Santa Catarina (INE/UFSC). Tem experiência na área de Ciência da Computação, com ênfase em Banco de Dados, atuando principalmente nos seguintes temas: modelagem de dados e de restrições de integridade, integração e interoperabilidade de dados, bancos de dados NoSQL e NewSQL. Coordena, desde 2006, o Grupo de pesquisa em Banco de Dados da UFSC (GBD/UFSC). Coordenou, de novembro de 2011 a novembro de 2015, o Programa de Pós-Graduação em Ciência da Computação da UFSC (PPGCC/UFSC). Foi subcoordenador do Curso de Graduação em Sistemas de Informação da UFSC. Atualmente é tutor do Programa de Educação Tutorial (PET) da Computação da UFSC.",11-07-2020
1217067328251304,Sergio Luis Dill,SEM_DADOS,Chapada,RS,"Possui Graduação em Informática pela Universidade Regional do Noroeste do Estado do Rio Grande do Sul (1993), Graduação em Ciências Contábeis pela Universidade Regional do Noroeste do Estado do Rio Grande do Sul (1992) e Mestrado em Ciências da Computação pela Universidade Federal de Santa Catarina (2002). Atuou como DBA na UNIJUI de 1991 a 2008. Foi professor na área de banco de dados na UNIJUI de 2002 a 2010. Atualmente trabalha na UNIPAMPA, campus Alegrete nos cursos de Ciência da Computação e Engenharia de Software. As áres de interesse são: 1) Banco de dados: Data Warehouse, Data Mining, Integração de dados. 2) Governança de TI: PMBOK, COBIT, ITIL.",22-12-2010
5493646935540580,Matheus Koehler Zanella,"ZANELLA, M. K.",,,,03-09-2015
1419227384882133,Michel Leite de Ávila,"ÁVILA, M. L.",Bagé,RS,"Possui graduação em Sistema de Informação pela Universidade Federal de Santa Catarina (2007). Atualmente é administrador de bancos de dados na Neoway Business Solutions. Tem 12 anos de experiência na área de Ciência da Computação, com ênfase em Banco de Dados, plataformas de captura, processamento e armazenamento de dados. Também atua na área de bancos de dados de grafos, social network analysis e data science.",14-11-2017
1560771253913044,Tiago Fossati Otero,"OTERO, T. F.",Rio Grande,RS,Brasileiro oriundo da cidade de Rio Grande RS. Graduado no curso de bacharelado em sistemas de informação na Universidade Federal do Rio Grande - FURG. Mestrando em engenharia de computação pela Universidade Federal do Rio Grande.,26-03-2020
6296010765327790,Edson Murakami,"MURAKAMI, E.",Rincão,SP,"Possui doutorado em Engenharia Elétrica pela Escola Politécnica da Universidade de São Paulo (2006), mestrado em Ciência da Computação pela Universidade Federal de São Carlos (2000), especialização em Gerência de Projetos de Software pela FIL/IBM (1997), graduação em Tecnologia em Processamento de Dados pela Fundação Paulista de Tecnologia e Educação, Lins, São Paulo (1993) e Licenciatura Plena em Educação Física pela Faculdade de Educação Física de Lins (1987). Atualmente é professor e pesquisador do Instituto Federal de Educação, Ciência e Tecnologia de São Paulo (IFSP), campus Salto. Mais de vinte anos de experiência profissional em desenvolvimento de software orientado a objetos na plataforma JEE, gerência de projetos, gerência de fábricas de software e gerência de projetos de melhoria contínua de processos de engenharia de software baseados nos modelos CMMI, MPSBR, ITIL, nos Métodos Ágeis e no Processo Unificado.",06-07-2020
9751072612298489,Diogo Luis Von Grafen Rubert,"RUBERT, Diogo L. V. G.",Cruz Alta,RS,"Possui graduação em Ciência da Computação pela Universidade de Cruz Alta (2013). Atualmente é analista de sistemas pleno - Lógica Informatica. Tem experiência na área de Ciência da Computação, com ênfase em Banco de Dados",29-10-2015
6882914796754390,Jonathan Vinícius Suter,"SUTER, J. V.",,,"Bacharel em Sistemas de Informação;
Técnico em informática com ênfase no desenvolvimento de softwares.
Contato: (047) 9744-3418",22-01-2020
5701768524610057,Augusto Ferreira de Souza,"SOUZA, A. F.",São José,SC,,30-07-2014
593153801544855,Rodrigo Luis Suder,SEM_DADOS,SEM_DADOS,SEM_DADOS,SEM_DADOS,26-03-2002
6418980148142381,Juliano Gomes da Silveira,"SILVEIRA, J. G.",Porto Alegre,RS,"Juliano é bacharel em Sistemas de Informação e mestre em Ciência da Computação. Especialista em Machine Learning, atualmente atua como técnico judiciário (esp. em TI) no Tribunal Regional do Trabalho da 4a Região (RS) e leciona como professor convidado do curso de Especialização em Ciência de Dados da PUCRS.",30-06-2020
5460029533893944,Maria Estela Vieira da Silva,SEM_DADOS,SEM_DADOS,SEM_DADOS,SEM_DADOS,03-07-2002
4679763284278931,Daniel Matheus Kuhn,"KUHN, D. M.",Ibirubá,RS,"É Bacharel pelo curso de Ciência da Computação da Universidade de Passo fundo (UPF). É Técnico em Informática pelo Instituto Federal do Rio Grande do Sul (IFRS). Atualmente é desenvolvedor de software na ALTA Capital - Investimentos estratégicos, onde aplica modelos de séries temporais e técnicas de machine learning para semi-automatizar processos de tomada de decisão em investimentos financeiros. Tem conhecimentos em Orientação a Objetos, Modelagem Relacional, Banco de Dados, extração de elementos textuais em imagens. Possui experiência nas seguintes linguagens: Java, Javascript, PHP, SQL. Além disso, já estudou as seguintes linguagens: Python e R.",15-10-2019
6636099673079414,William Felipe Marx,SEM_DADOS,São José do Inhacorá,RS,,11-05-2010
6154063301402982,Alexander Richard Vinson,"VINSON, A. R.",Barretos,SP,"Possui mestrado em Computação pela Universidade Federal do Rio Grande do Sul (2007), com ênfase em Banco de Dados, graduação em Bacharelado em Ciência da Computação pela Universidade Federal do Pará (2004). Tem experiência na área de Ciência da Computação, com ênfase em Banco de Dados, atuando principalmente nos seguintes temas: Xml, Recuperação de Informação, Caminhos(Paths) e Similaridade.",06-01-2017
4838297393852726,Cleusa Maria Andrade Scroferneker,"SCROFERNEKER, Cleusa Maria Andrade",Novo Hamburgo,RS,"Graduada em Comunicação Social pela Pontifícia Universidade Católica do Rio Grande do Sul e em Geografia-Licenciatura e Bacharelato pela Universidade Federal do Rio Grande do Sul, Mestrado em Planejamento Urbano e Regional pela Universidade Federal do Rio Grande do Sul, Doutorado em Ciências da Comunicação pela Universidade de São Paulo e Pós-Doutorado pela Universidade de São Paulo. Professora Titular da Pontifícia Universidade Católica do Rio Grande do Sul, Membro do Conselho Editorial da Revista Internacional de Relaciones Públicas (Espanha), Organicom e Revista Brasileira de Ciências da Comunicação-Intercom. Tem como temas de interesse: comunicação organizacional e seus desdobramentos e interfaces, memória organizacional, diálogos/discursos organizacionais. Teses premiadas no Prêmio Abrapcop de Teses e Dissertações da Abrapcorp -2016/2017. Destacam-se como atividades administrativas: Coordenação da Iniciação Científica da Universidade/Diretoria de Pesquisa/Pró-Reitoria de Pesquisa,Desenvolvimento e Inovação/PROPESQ/PUCRS, Coordenação Institucional do PIBIC/PIBITI/CNPq, PROPIC/PROBITI/FAPERGS . Coordenação de Grupos de Trabalho nos Congressos da ABRAPCORP, Seminário Internacional da Comunicação e da ALAIC. Diretora Científica da Abrapcorp [2014-2016]. Coordenadora/Líder do Grupo de Pesquisa em Estudos Avançados em Comunicação Organizacional - GEACOR/CNPq. Coordenadora Executiva do DTI 9 - Estudos da Comunicação Organizacional - Congresso Ibercom 2015/2019. Vice-Presidente da Associação Brasileira de Pesquisadores de Comunicação Organizacional e de Relações Públicas ? Abrapcorp/ 2016-2018. Membro do Conselho Consultivo. da Associação Brasileira de Pesquisadores de Comunicação Organizacional e de Relações Públicas ? Abrapcorp 2019-2021.",05-07-2020
6405951782839858,Renato Fileto,"FILETO, Renato;Fileto, Renato;Fileto, R.",Igarapava,SP,"Renato Fileto holds a Bachelor degree in Computer Science from the Federal University of Uberlândia (1992), a Master degree (1994) and a Doctorate degree (2003) in Computer Science from Campinas State University, Brazil, with an internship at Georgia Institute of Technology, USA (2002), and a Post-Doctorate from the University of São Paulo (2012). His research carrier has been intertwined with activities in the industry. Since 2006, he is a permanent professor at the Department of Informatics and Statistics (INE) of Santa Catarina Federal University (UFSC), in Florianópolis-SC, Brazil. His research area is databases, with the focus in semantics and contexts for data analytics.",17-04-2020
5385453596666328,Álvaro Osvaldo Teixeira Martinez,"MARTÍNEZ, Á. O. T.",Curitiba,SEM_DADOS,SEM_DADOS,02-04-2016
5046557311321623,Marcelo Zambiasi,"ZAMBIASI, M.",São Leopoldo,RS,"Bacharel em Ciência da Computação pela UFRGS (2010), Engenheiro de Sistemas de Informação e Master em ?Sistemas de Informação e Engenharia Avançada de Software? pelo ENSIMAG INP-Grenoble/França (2010). Pós-Graduação em Engenharia e Arquitetura de Software pela Universidade Estácio de Sá (2014). Cursando Bacharelado em Ciências Contábeis na UFRGS desde 2017.
Atualmente é Analista Judiciário, Especialidade Tecnologia da Informação, no Tribunal Regional do Trabalho da 4º Região (RS), atuando como analista e desenvolvedor dos sistemas administrativos.",16-03-2019
799768609702295,Caroline Tomasini,"TOMASINI, C.;TOMASINI, CAROLINE",Ilópolis,RS,Atualmente atua como Analista de TI no Núcleo de Tecnologia da Informação (NTI) da Universidade Federal do Rio Grande - FURG. Possui graduação em Sistemas de Informação(2012) e Mestrado em Engenharia de Computação(2015) pela mesma instituição.,15-05-2017
2319733789095224,Henrico Bertini Brum,"BRUM, H. B.",Uruguaiana,RS,"Doutorando em Ciência da Computação e Matemática Computacional no ICMC-USP - São Carlos. Experiência em Inteligência Artificial, Aprendizado de Máquina e Processamento de Língua Natural. Atualmente pesquisando Análise de Sentimentos, Semântica e Aprendizado de Máquina.",03-06-2020
6854430172424635,Yuri Socher Bichibichi,"BICHIBICHI, Y. S.",,SEM_DADOS,SEM_DADOS,25-08-2018
8382486031831849,Diego Magno Tavares da Silva,"SILVA, D. M. T.",,,"Possui graduação em Ciência da Computação pelo Centro Universitário de João Pessoa (2013);
Possui pós graduação em Desenvolvimento em Java pela Estácio de Sá (2016).",17-02-2020
4027952448873096,Fábio Cesar Pasquali,SEM_DADOS,Xaxim,SC,,22-06-2010
3914159735707328,Sandro José Rigo,"RIGO, S. J.;RIGO, SANDRO J.;RIGO, SANDRO JOSÉ;RIGO, SANDRO;RIGO, SANDRO JOSE;JOSE RIGO, SANDRO",Porto Lucena,RS,"possui graduação no bacharelado em Informática - Software Básico pela Pontifícia Universidade Católica do Rio Grande do Sul (1990), mestrado (1993) e doutorado (2008) em Ciência da Computação pela Universidade Federal do Rio Grande do Sul. Pós-doutorado na Friedrich-Alexander Universität Erlangen-Nürnberg/Alemanha. Professor da Universidade do Vale do Rio dos Sinos (UNISINOS) nos cursos de Ciência da Computação e Sistemas de Informação. Decano da Escola Politécnica - UNISINOS. Pesquisador do PPG em Computação Aplicada da UNISINOS. Bolsista de Produtividade em Desenvolvimento Tecnológico e Extensão Inovadora (DT-2) do Conselho Nacional de Desenvolvimento Científico e Tecnológico (CNPq). Atua nas áreas de Inteligência Artificial, Web Semântica, Processamento de Linguagem Natural, Robótica e Educação a Distância. Atuou como Coordenador do Programa Interdisciplinar de Pós-Graduação em Computação Aplicada (2016-2017), coordenador executivo do curso de Graduação em Ciência da Computação da UNISINOS (2011-2015), Representante Institucional da SBC na UNISINOS (2013-2015), Membro da Comissa&amp;#771;o Assessora de A&amp;#769;rea de Cie&amp;#770;ncia da Computac&amp;#807;a&amp;#771;o ENADE/INEP (2014-2018), Membro Titular do Comitê Assessor da área de Matemática, Estatística e Computação da FAPERGS (2015-2017). Membro do Comitê Gaúcho de Dados Abertos (2014). Desde 2012 participou do registro de 8 programas de computador junto ao INPI. Participou e coordenou projetos de pesquisa em âmbito nacional e internacional. Coordena projetos de pesquisa na área de Processamento de Linguagem Natural, Internet das Coisas, Inteligência Artificial e Computação Cognitiva.",01-08-2020
3252850945130179,Antonio Carlos Alves,SEM_DADOS,Porto Alegre,RS,"possui graduação em Ciência da Computação pela Universidade de Santa Cruz do Sul (2005). Mestrado em Sistemas e Processos Industriais na Universidade de Santa Cruz do Sul(UNISC) (2009). Corretor de Imóveis na Vivendas Negócios Imobiliários Ltda. Tem experiência na área de Ciência da Computação, com ênfase em Sistemas de Informação, atuando principalmente nos seguintes temas: recuperação de informação, motor de busca, algoritmos genéticos e thesaurus.",10-06-2010
7586076453217115,Ana Magela Rodriguez Almeida,"ALMEIDA, A. M. R.",Acegua,RS,Graduanda de Engenharia de Computação pela Universidade Federal do Pampa.,24-07-2014
9773578537743759,Lucas Silveira,"SILVEIRA, L.;SILVEIRA, LUCAS",São José,SC,"Mestre em Ciência da Computação pelo Programa de Pós-graduação da Universidade Federal de Santa Catarina - UFSC. Graduado em Sistemas de Informação pela mesma universidade (UFSC). Atualmente é professor do Instituto Federal de Santa Catarina - IFSC, lecionando no curso superior de Gestão em Tecnologia da Informação e outros. Atua principalmente em projetos de pesquisa e desenvolvimento, tendo experiência na área de Tecnologia da Informação, com ênfase em Assinatura Digital, Infraestrutura de Chaves Públicas (ICP), Desenvolvimento de Sistemas Computacionais, e Interoperabilidade Sistêmica. Membro do Grupo de Pesquisa em Governo Eletrônico da UFSC, atuando como pesquisador no projeto CNJ Acadêmico, sob coordenação do Professor Dr. Aires José Rover, sendo responsável pela linha de pesquisa em segurança da informação. Considerado proficiente em inglês por meio de exame realizado pelo Departamento de Língua e Literatura Estrangeiras (DLLE) da UFSC.",08-07-2015
8444590180210291,Jeferson Kasper,SEM_DADOS,Santa Maria,RS,"Jeferson Kasper, graduado em Ciência da Computação pelo Centro Universitário Franciscano (2006), atualmente é mestrando do Programa de Pós-Graduação em Informática, da Universidade Federal de Santa Maria (UFSM). Atua na área de Ciência da Computação, com ênfase em Banco de Dados, atuando principalmente nos seguintes temas: Banco de Dados Ativos, Eventos Temporais em Bancos de Dados.",14-09-2012
2747626874611692,Fabio André Garaluz dos Santos,"SANTOS, F. A. G.;SANTOS, FABIO ANDRE GARALUZ DOS",PARANAVAÍ,SEM_DADOS,SEM_DADOS,31-10-2018
838935770686961,Émerson Pinto Homrich,"HOMRICH, É. P.",,,Acadêmico do curso de Sistemas de Informação da Universidade Federal de Santa Maria (UFSM). Atualmente é bolsista do Programa de Educação Tutorial de Sistemas de Informação (PET-SI) da UFSM.,06-11-2014
1883007948533852,José Guilherme Camargo de Souza,"SOUZA, J. G. C. de",Novo Hamburgo,RS,"Possui graduação em Ciência da Computação pela Universidade do Vale do Rio dos Sinos (2009). Tem experiência na área de Ciência da Computação, com ênfase em Processamento de Linguagem Natural, atuando principalmente nos seguintes temas: resolução de correferência, extração de informação, ontologias e bioinformática.",17-01-2011
9856398577674606,Saimor Raduan Araújo Souza,"SOUZA, S. R. A.",Porto Velho,RO,"Técnico em Informática pelo Instituto Federal de Educação, Ciência e Tecnologia de Rondônia. Acadêmico de Ciência da Computação na Universidade Federal de Rondônia.",23-03-2019
4784229564517752,Cláudio de Lima,"LIMA, C.;DE LIMA, CLAUDIO",Imbituba,SC,Doutorando em Engenharia do Conhecimento na Universidade Federal de Santa Catarina (UFSC). Mestrado (2016) e bacharelado (2008) em Ciências da Computação pela UFSC e especialização (2012) em Engenharia de Projetos de Software pela Universidade do Sul de Santa Catarina (UNISUL). Analista de Tecnologia da Informação na SeTIC/UFSC. Integrante dos laboratórios de pesquisa LEC/UFSC (Laboratório de Engenharia do Conhecimento) e NGS/UFSC (Núcleo de Gestão para a Sustentabilidade).,02-04-2020
2679046162732159,Henrique Saab Cunha Rocha,SEM_DADOS,Lavras,MG,"Tem experiência na grande área de Ciência da Computação, em desenvolvimento e pesquisa.
Atualmente cursa o 7  período de Ciência da Computação na Universidade Federal de Lavras.",25-05-2010
5075736089100544,Cássio Vinicius Serafim Prazeres,"PRAZERES, C. V. S.;PRAZERES, CASSIO V.S.;PRAZERES, CÁSSIO V.S.;PRAZERES, CASSIO VINICIUS SERAFIM;Prazeres, Cassio V. S.;PRAZERES, CASSIO;Prazeres, Cássio",Nazaré,BA,"Cássio Prazeres é Doutor em Ciências - Área de Ciências de Computação e Matemática Computacional - pela Universidade de São Paulo (2009), é professor Associado I na Universidade Federal da Bahia (UFBA) nas áreas Internet/Web e é orientador permanente no Programa de Pós-graduação em Ciência da Computação (PGCOMP-UFBA). Prazeres é membro: da Sociedade Brasileira de Computação (SBC); do ACM SIGWEB (Special Interest Group on Hypertext the Web); do IEEE Computer Society Technical Committee on Services Computing; do IEEE Smart Cities Technical Community; do IEEE Internet of Things Technical Community; e do W3C Web of Things Community Group. É co-fundador e líder do Laboratório e Grupo de Pesquisa CNPq WISER (Web, Internet and Intelligent Systems Research Group). Tem interesse em pesquisas envolvendo tópicos de: Internet of Things, Web of Things, Web Services, Semantic Web, Microservices, Fog Computing, Fog of Things, Web of Data, Linked Data. Prazeres realizou estágio pós-doutoral como professor visitante no DERI (Digital Enterprise Research Institute) na National University of Ireland (Galway) nas áreas de Internet das Coisas e Web Semântica.",03-03-2020
4494868011199044,Oliver Moraes Batista Quinquiolo,SEM_DADOS,SEM_DADOS,SP,SEM_DADOS,22-11-2006
6111211934633593,Renato Deggau,"DEGGAU, R.",Blumenau,SC,"possui mestrado na UFSC (2010) na área de Banco de Dados, com foco em Data Warehouses Espaciais. Atualmente é Analista de Tecnologia da EPAGRI em Santa Catarina.",24-05-2019
790769833478481,Tiago Stapenhorst Martins,"MARTINS, T. S.",Curitiba,SEM_DADOS,SEM_DADOS,27-09-2017
1853313255345200,Eugênio de Oliveira Simonetto,"SIMONETTO, E. O.;SIMONETTO, EUGÊNIO DE OLIVEIRA;SIMONETTO, EUG&amp;ECIRC;NIO DE OLIVEIRA",São Gabriel,RS,"Possui graduação em Análise de Sistemas pela Universidade Católica de Pelotas (1995), mestrado em Ciência da Computação pela Pontifícia Universidade Católica do Rio Grande do Sul (1998), doutorado em Administração (Área: Sistemas de Informação e Apoio à Decisão) pela Universidade Federal do Rio Grande do Sul (2004) com reconhecimento pela Universidade do Minho (Portugal) e estágio em Produção e Sistemas na Universidade do Minho (2016). Atualmente é professor associado no Departamento de Ciências Administrativas da Universidade Federal de Santa Maria (UFSM). Tem experiência nas áreas de modelagem de sistemas de apoio a decisão e gestão da produção.",24-07-2020
9940289333509769,Vania Elisabete Schneider,"SCHNEIDER, V. E.;Schneider, Vania Elisabete;Vânia Schneider;SCHNEIDER, V.;Vania Elisabete Schneider;ELISABETE SCHNEIDER, VANIA;SCHNEIDER, V.E.;SCHNEIDER, VANIA;SCHNEIDER, V E;Vania Eliasabete Schneider",Veranópolis,RS,"Graduada em Licenciatura Plena e Bacharelado em Biologia pela Universidade de Caxias do Sul (1989); Especialista em Metodologia da Pesquisa e do Ensino Superior - Área de Concentração: Educação Ambiental; Mestre em Engenharia Civil - Área de Concentração - Recursos Hídricos e Saneamento pela Universidade Estadual de Campinas (1994); Doutora em Engenharia de Recursos Hídricos e Saneamento Ambiental pelo Instituto de Pesquisas Hidráulicas (IPH) da Universidade Federal do Rio Grande do Sul (2005). Professora Titular e Diretora do Instituto de Saneamento Ambiental da Universidade de Caxias do Sul; Revisora dos periódicos: Revista Panamericana de Salud Pública, Revista Engenharia Sanitária e Ambiental, Revista Biociências; Parecerista ad hoc da Universidade Severino Sombra; Consultor ad hoc da Fundação de Apoio ao Desenvolvimento do Ensino, Ciência e Tecnologia do MS, Integrante dos conselhos municipais de defesa do meio ambiente de Caxias do Sul e Bento Gonçalves (suplente); Membro do Comitê de Gerenciamento da Bacia Hidrográfica do Rio Taquari Antas; Responsável técnica do Instituto Porto Alegre Ambiental; Coordenadora do Congresso Internacional de Tecnologias Ambientais e Diretora da Fiema Brasil - Feira Internacional de Tecnologia para o Meio Ambiente; Membro da diretoria no Conselho consultivo da Associação Brasileira de Engenharia Sanitária e Ambiental - RSl. Tem experiência nas áreas de Biologia, Engenharia Ambiental, Enfermagem, Engenharia Civil e Arquitetura atuando principalmente nos seguintes temas: gerenciamento de resíduos sólidos - Resíduos Sólidos Urbanos, Resíduos de Serviços de Saúde, Resíduos da Construção Civil, Resíduos de madeira e Resíduos no meio Rural; Gestão de Recursos Hídricos e Monitoramento da Qualidade da Água; Gestão Ambiental; Saneamento Ambiental; Formação de Professores para o ensino de ciências e Biologia..",16-07-2020
1505588047062627,Miriam Pizzatto Colpo,"COLPO, M. P.;COLPO, MIRIAM PIZZATTO",Santiago,RS,"Possui Bacharelado (2011) em Ciência da Computação, pela Universidade Federal de Santa Maria (UFSM); Especialização (2014) em Formação Pedagógica para Docentes da Educação Profissional Técnica e Tecnológica em Informação e Comunicação, pela Faculdade de Ciências Sociais Aplicadas (FACISA); e Mestrado (2014) em Ciência da Computação, pela Universidade Federal do Rio Grande do Sul (UFRGS). Durante a graduação, foi bolsista do Laboratório de Computação para Clima Espacial (LabCCE) do Centro Regional Sul de Pesquisas Espaciais (CRS/INPE), envolvendo-se com as áreas de Banco de Dados e Mineração de Dados. No mestrado, realizou pesquisa nas áreas de Recuperação de Informação e Mineração na Web, com foco na recuperação de páginas-objeto. Atualmente, é Analista de Tecnologia da Informação do Instituto Federal Farroupilha (IF Farroupilha).",01-06-2020
2509917962288493,Vanessa Barbosa Rolim,"ROLIM, V. B.",Porto Alegre,RS,Possui graduação em Sistema de Informação pelo Instituto Federal Catarinense (2016). Interesse em pesquisa em algoritmos genéticos e mineração de dados. Participante do grupo de pesquisa em mineração de dados do Instituto Federal Catarinense Campus Araquari.,17-01-2018
4868589544753145,Ângelo Nery Vieira Crestani,"CRESTANI, A. N. V.",Francisco Beltrão,PR,"Graduando em Análise e Desenvolvimento de Sistemas no Instituto Federal de Educação, Ciência e Tecnologia Farroupilha (IFFar).",20-02-2019
4441280690459628,Roberto Walter,"WALTER, R.",,SEM_DADOS,SEM_DADOS,29-01-2016
4518559094103750,Felipe Victolla Silveira,SEM_DADOS,SEM_DADOS,RS,SEM_DADOS,21-11-2006
2739575934175425,Willian Eduardo de Moura Casante,SEM_DADOS,São Paulo,SP,"Possui graduação em Ciência da Computação (Bacharelado) pela UNESP - Universidade Estadual Paulista (2011). Atualmente é pesquisador da Fundação Centro de Pesquisa e Desenvolvimento em Telecomunicações, onde atua desde 2004 em atividades de pesquisa e desenvolvimento tecnológico.  Tem experiência em desenvolvimento de software na área de Telecomunicações.",20-01-2012
4011022927056926,Rebeca Schroeder Freitas,"SCHROEDER, R.;FREITAS, R. S.;Schroeder, Rebeca;Rebeca Schroeder;SCROEDER, REBECA",Joinville,SC,"Possui graduação em Bacharelado em Ciências da Computação pela Universidade do Estado de Santa Catarina (2004), mestrado em Ciências da Computação pela Universidade Federal de Santa Catarina (2008) e doutorado em Ciências da Computação pela Universidade Federal do Paraná (2014). Atualmente é professor da Universidade do Estado de Santa Catarina. Tem experiência na área de Ciência da Computação, com ênfase em Banco de Dados, atuando principalmente nos seguintes temas: modelagem de dados semi-estruturados e gerenciamento de dados distribuidos.",18-05-2020
166466226010035,Mariusa Warpechowski,"WARPECHOWSKI, M.;WARPECHOWSKI, MARIUSA",Guarani das Missões,RS,Associada da Sociedade Brasileira de Computação (SBC). Coordenadora e professora do curso de Licenciatura em Informática da UNICNEC - Centro Universitário Cenecista de Osório. Coordenadora e professora dos cursos de Bacharelado em Sistemas de Informação EAD e Tecnologia em Análise e Desenvolvimento de Sistemas EAD do Centro Universitário Cenecista de Osório. Possui mestrado em Ciência da Computação pela UFRGS - Universidade Federal do Rio Grande do Sul (2005) e graduação em Informática pela UNIJUI - Universidade Regional do Noroeste do Estado do Rio Grande do Sul (1996).,31-05-2020
4949286508602153,Douglas Negrini,SEM_DADOS,Santa Maria,RS,,28-10-2011
5445543982093867,Vitor Hugo Bezerra,"BEZERRA, V. H.;BEZERRA, VITOR HUGO",,,"Mestre e Bacharel em Ciência da Computação pela Universidade Estadual de Londrina (UEL). Durante a graduação, trabalhou com banco de dados, especificamente dados de localização e similaridade de imagens, possui experiencia em pesquisa e testes de segurança de redes. Trabalha com desenvolvimento web a 3 anos com Python e Node.Js, possuindo experiência com testes unitários e testes de segurança em sistemas web e configuração de serviços AWS. Atualmente trabalha como residente do Hub de Inteligência Artificial do SENAI, desenvolvendo soluções para a indústria utilizando técnicas de aprendizado de máquina.",06-12-2019
383620524866410,Luiz Carlos de Freitas Santos Júnior,"SANTOS JÚNIOR, L. C. F.",,,"Possui graduação pela Universidade Federal do Rio Grande do Sul (2005). Atualmente é analista de software pleno do Instituto de Pesquisas Eldorado - Porto Alegre. Tem experiência na área de Ciência da Computação, com ênfase em Ciência da Computação.",10-03-2015
4767378073568656,Mário Pereira Martins,SEM_DADOS,SEM_DADOS,RS,SEM_DADOS,16-11-2007
7166030596636868,Thales Vaz Maciel,"MACIEL, T.;MACIEL, THALES VAZ",Porto Alegre,RS,"Possui graduação em Sistemas de Informação pela URCAMP, especialização em Sistemas Distribuídos com Ênfase em Banco de Dados pela UNIPAMPA e mestrado em Engenharia de Computação pela FURG.
É docente do quadro permanente do Instituto Federal de Educação, Ciência e Tecnologia Sul-rio-grandense.
Fala Inglês fluente e tem experiência internacional na área de ciência da computação com ênfase em desenvolvimento de sistemas de informação e mineração de dados.",01-03-2020
1894333931411941,Alexandre Tagliari Lazzaretti,"LAZZARETTI, A. T.;LAZZARETTI, A.T.;LAZZARETTI, ALEXANDRE TAGLIARI",Passo Fundo,RS,"Possui graduação em Ciência da Computação pela Universidade de Passo Fundo (1995), Mestrado em Ciências da Computação pela Universidade Federal de Santa Catarina (2005) e Doutorado em Agronomia pela Universidade de Passo Fundo (2013). Atualmente é professor do ensino básico técnico e tecnológico do Instituto Federal Sul-Riograndense (IFSul) - Campus Passo Fundo. Tem experiência na área de sistemas de informação com ênfase em banco de dados, atuando principalmente nos seguintes temas: XML, Restrições de Integridade, Documentos XML, dados Não-Convencionais, Modelagem e Simulação de Aplicações.",27-04-2020
943321240537948,Kaio Alexandre da Silva,"SILVA, K. A.;SILVA, KAIO ALEXANDRE DA",Ji-Paraná,RO,"Mestre em Informática pela Universidade de Brasília, Bacharel em Sistemas de Informação pelo Centro Universitário Luterano de Ji-Paraná - CEULJI/ULBRA. Tem experiência na área de Ciência da Computação, com ênfase em Metodologia e Técnicas da Computação. Com as seguintes competências: desenvolvimento com as linguagens de programação: Java, C#, Delphi, PHP, JavaScript, C/C++, SQL e mineração de dados e desenvolvimento de projeto de automação com Arduino. Atualmente é professor e pesquisador do Instituto Federal de Educação, Ciência e Tecnologia de Rôndonia - IFRO, no qual é líder no Grupo de Pesquisa em Soluções Tecnológicas - GoTec.",02-07-2020
8420765645015906,Lucas Rodrigues de Farias,"FARIAS, Lucas R.;FARIAS, L. R.;FARIAS, Lucas Rodrigues de",Pelotas,RS,Engenheiro de Computação graduado pela Universidade Federal do Rio Grande (FURG).,15-03-2017
4309165322070547,Dinei André Rockenbach,"ROCKENBACH, D. A.;ROCKENBACH, Dinei A.",Santo Antônio da Patrulha,RS,"Bacharel em Sistemas de Informação pela Sociedade Educacional Três de Maio (SETREM), atualmente é Técnico Judiciário no Tribunal Regional do Trabalho da 4ª Região (RS) e está cursando Mestrado em Ciência da Computação na Pontifícia Universidade Católica do Rio Grande do Sul (PUCRS), com foco em modelagem de aplicações paralelas.",09-05-2020
8147562322985688,Lenon Ricardo Machado de Souza,"SOUZA, L. R. M.",,,"Possui Técnico em Informática pelo Instituto Federal Farroupilha Campus Alegrete(2013) e está cursando Tecnologia em Análise e Desenvolvimento de Sistemas na mesma instituição. Tem interesse em Linux, Banco de Dados NoSQL e Projetos Open-source.",10-08-2016
9961895409746094,Filipe Roberto Silva,"SILVA, F. R.",Florianópolis,SC,"30 anos. Possui graduação em Mecatrônica Industrial pelo Instituto Federal de Santa Catarina (2010), graduação em sistemas de Informação pela Universidade Federal de Santa Catarina (2012) e mestrado em Ciências da Computação pela Universidade Federal de Santa Catarina (2015). Atualmente é analista de sistemas - CIASC. Tem experiência na área de Ciência da Computação, com ênfase em Sistemas de Informação, atuando principalmente nos seguintes temas: Desenvolvimento Web Fullstack, Java, Javascript, Typescript, CSS. Frameworks Vuejs, SpringBoot. Interesse na área de testes automatizados, prática de TDD e qualidade de código",23-10-2019
1825726627470153,Elis Cassiana Nakonetchnei dos Santos,"NAKONETCHNEI, E. C.;NAKONETCHNEI DOS SANTOS, ELIS CASSIANA;NAKONETCHNEI, ELIS CASSIANA",,,"Graduada em Engenharia de Computação pela Universidade Tecnológica Federal do Paraná - UTFPR (2018), possui experiência na áreas de banco de dados e manufatura aditiva.",22-11-2019
2747683951158303,Rafael Luís Vasel,"VASEL, Rafael Luís",Jaraguá do Sul,SC,,27-08-2003
9564405566367158,Vinícius Fülber Garcia,"FULBER GARCIA, VINICIUS;GARCIA, VINICIUS FULBER;GARCIA, VINICIUS F.;GARCIA, V. F.;Garcia, Vinícius F.;Fulber-Garcia, Vinicius",Santo Ângelo,RS,"Vinícius Fülber Garcia é estudante de doutorado em Ciência da Computação pelo Departamento de Informática da Universidade Federal do Paraná (UFPR - Brasil), sob a supervisão do Prof. Dr. Elias Procópio Duarte Júnior. Ele é bacharel em Ciência da Computação pela Universidade Federal de Santa Maria (UFSM - Brasil) e mestre em Ciência da Computação pelo Programa de Pós-graduação em Ciência da Computação da UFSM. Seus interesses de pesquisa incluem, mas não estão limitados a, virtualização de funções de rede e teoria da informação.",30-07-2020
2601009409434833,Manuele dos Reis Ferreira,"FERREIRA, M. R.",Salvador,BA,Manuele Ferreira is currently IT Systems Analyst at Minds at Work. Experience in software development since 2005 with emphasis on Research and Development (R&amp;D). She received Master Degree at Pontificial Catholic University of Rio de Janeiro (PUC-Rio) in 2014.,19-11-2014
3324661566974662,Rejane Maria Basso,"BASSO, R. M.",,SEM_DADOS,SEM_DADOS,30-06-2019
7856783089604214,Raqueline Ritter de Moura Penteado,"PENTEADO, R. R. M.;PENTEADO, RAQUELINE RITTER DE MOURA;PENTEADO, RAQUELINE R. M.",Foz do Iguacu,PR,"Possui graduação em Ciência da Computação pela Universidade Paranaense (1999), mestrado em Ciência da Computação pela Universidade Estadual de Maringá (2004) e doutorado na Universidade Federal do Paraná (2017). Atualmente é professor adjunto da Universidade Estadual de Maringá. Concluiu o mestrado na área de Ciência da Computação, com ênfase em Sistemas Inteligentes - programação por demonstração. Concluiu o doutorado na área de Sistemas de Informação com ênfase em Banco de Dados Distribuídos. Atualmente realiza pesquisas na área de sistemas distribuídos - banco de dados.",10-03-2020
7497320738069454,Edimar Manica,"MANICA, Edimar;Manica, E.",Marau,RS,"É professor no curso de Ciência da Computação do Instituto Federal do Rio Grande do Sul (IFRS). Lidera o grupo de pesquisa Computação Interdisciplinar Alto Jacuí. É doutor em Computação pela Universidade Federal do Rio Grande do Sul (UFRGS) na área de extração de dados da Web sob orientação da profª. Drª. Renata Galante e co-orientação da profª. Drª. Carina F. Dorneles. Realizou seu mestrado em Computação na UFRGS na área de recuperação de informação temporal. É Bacharel pelo curso de Ciência da Computação da Universidade de Passo Fundo (UPF). Além disso, foi desenvolvedor de sistemas de gestão na Atua Sistemas de Informação, onde também colaborou na definição dos processos da empresa. Atuou em um projeto de consultoria com o prof. Carlos A. Heuser na área de extração de dados não estruturados da Web. Tem conhecimentos avançados em Orientação a Objetos, Modelagem Relacional, Banco de Dados Temporal, Modelagem Temporal, Técnicas de Recuperação de Informação, Motores de Busca, Bibliotecas Digitais e Extração de Dados da Web. Possui experiência com as seguintes linguagens: SQL, HTML, Java, PHP, Javascript, XML, XQuery e Cypher. Além disso, já estudou as seguintes linguagens: C, FLEX e Ruby. Já recebeu vários prêmios, tais como: Aluno Destaque da turma de 2008 e Melhor Ferramenta no SBBD 2009.",30-07-2020
5878372087019892,Angelo Augusto Frozza,"FROZZA, A. A.;FROZZA, ANGELO AUGUSTO",Xanxerê,SC,"ANGELO AUGUSTO FROZZA CONCLUIU MESTRADO EM CIENCIA DA COMPUTACAO PELA UNIVERSIDADE FEDERAL DE SANTA CATARINA (UFSC) EM 2007. É PROFESSOR EFETIVO NO INSTITUTO FEDERAL CATARINENSE - CAMPUS CAMBORIÚ. ATUALMENTE ESTÁ LICENCIADO PARA CURSAR DOUTORADO PELA UFSC. PUBLICOU ARTIGOS EM PERIODICOS ESPECIALIZADOS E TRABALHOS EM ANAIS DE EVENTOS. PUBLICOU 1 LIVRO e 1 CAPÍTULO DE LIVRO INTERNACIONAL. POSSUI 1 SOFTWARE E OUTROS ITENS DE PRODUCAO TECNICA. PARTICIPOU DE EVENTOS NO BRASIL. ORIENTOU TRABALHOS DE INICIACAO CIENTIFICA, MONOGRAFIA DE ESPECIALIZAÇÃO E TRABALHOS DE CONCLUSAO DE CURSO NAS AREAS DE EDUCACAO, CIENCIA DA COMPUTACAO E MATEMATICA. RECEBEU DIVERSOS PREMIOS E HOMENAGENS. PARTICIPOU DE PROJETOS DE PESQUISA. ATUA NA AREA DE CIENCIA DA COMPUTACAO, COM ENFASE EM BANCO DE DADOS E SISTEMAS DE INFORMACAO. EM SUAS ATIVIDADES PROFISSIONAIS INTERAGIU COM INUMEROS COLABORADORES EM CO-AUTORIAS DE TRABALHOS CIENTIFICOS. EM SEU CURRICULO LATTES OS TERMOS MAIS FREQUENTES NA CONTEXTUALIZACAO DA PRODUCAO CIENTIFICA, TECNOLOGICA E ARTISTICO-CULTURAL SAO: BANCO DE DADOS, INFORMATICA, INTERNET, EDUCACAO, CIENCIAS DA COMPUTACAO, EMPREENDEDORISMO, INOVACAO E TECNOLOGIA.",24-10-2019
8317821729275486,André Dias Bastos,"BASTOS, A. D.",Pelotas,RS,,27-04-2005
1523626234873574,Frantchesco Cecchin,"CECCHIN, Frantchesco",Ibiaçá,RS,"Mestre em Ciência da Computação pela Universidade Federal do Paraná. MBA em Gestão e Liderança pela Estação Business School.

Atua como analista de sistemas da Companhia Paranaense de Energia e também como professor adjunto da Faculdade de Educação Superior do Paraná (FESP). Tem experiência profissional na área de desenvolvimento de sistemas bancários na plataforma Mainframe e atualmente desenvolve aplicações Web em Java para a área de engenharia da distribuição. Na área acadêmica tem experiência nas áreas de Banco de dados, Algoritmos, Lógica para computação, Linguagens de Programação e Paradigmas de programação.",30-01-2019
4515546957805206,Larissa Rodrigues Lautert,SEM_DADOS,São Luiz Gonzaga,RS,Possui graduação em Ciência da Computação pela Universidade Federal de Santa Maria (2010). Atualmente é mestranda na Universidade Federal de Santa Catarina na área de Banco de Dados.,09-10-2013
6252580701789204,Carlos Henrique Cândido,"CÂNDIDO, C. H.",,,"Mestrando em direito pela Universidade Federal de Mato Grosso. Graduado em Direito pela Universidade de Cuiabá (2015) e graduado em Processamento de Dados pela Faculdade de Informática de Cuiabá (2000). Pós-graduado em Direito Eleitoral, Governança de TI e em Banco de Dados. Certificado internacional ITIL.
Tem experiência na área de Direito, com ênfase em Direito Administrativo (contratos e licitações).
Autor da ferramenta gratuita brModelo (desenvolvida sob a orientação do Prof. Dr. Ronaldo dos Santos Mello - UFSC), utilizada nas instituições de ensino superiores por alunos da disciplina de banco de dados relacionais; atualmente com mais de 400.000 downloads.
Publicou o artigo sobe a ferramenta brModelo no ERDB 2017.
Publicou o artigo sobre Gerenciamento de Risco em Segurança da Informação no V FORTI - TSE 2017.
Publicação do capítulo de livro: Direito Eleitoral - Temas Relevantes - Crowdfunding.
Atualmente ocupa a Coordenadoria de Infraestrutura Computacional no TRE-MT.",23-03-2020
3642330070404905,Stevan Fante Viapiana,SEM_DADOS,SEM_DADOS,RS,,31-12-2008
963406821901524,Juliano Augusto Carreira,SEM_DADOS,São José do Rio Preto,SP,"Possui graduação em Ciência da Computação pela Universidade Estadual Paulista Júlio de Mesquita Filho (UNESP); mestrado em Ciência da Computação pela Universidade Estadual Paulista Júlio de Mesquita Filho (UNESP). Tem experiência na área de Ciência da Computação, especificamente em Banco de Dados e Processamento de Linguagens Naturais.",09-06-2013
9311546811322086,Jolvani Morgan,"MORGAN, Jolvani",Alto Alegre,RS,"Graduação em Ciência da Computação pela Universidade de Cruz Alta (2000), Especialização em Sistema de Informação pela UPF (2004) e mestrado em Engenharia de Produção - Área Concentração: Tecnologia da Informação pela Universidade Federal de Santa Maria - UFSM (2008). Tem experiência na área de Ciência da Computação, com ênfase em Algoritmo, Linguagem C, Orientação a Objetos, Java. Professor da Universidade de Cruz Alta - UNICRUZ nas disciplinas de Programação Estruturada e Estrutura de Dados I (02/2008). Desenvolveu sistemas em Delphi, como: sysSaude, sysProtocolo, sysVenda, sysBiblioteca BD MySQL. Atuou como bolsista CNPQ no INPE - CRS Instituto Nacional de Pesquisas Espaciais - Centro Regional Sul, onde participou do Núcleo de Pesquisas e Aplicações de Geotecnologias em Desastres Naturais e Eventos Extremos - GEODESTRES, sendo responsável pelo Banco de Dados desse Grupo. Professor da Faculdade Meridional - IMED - Passo Fundo RS - disciplinas Laboratório de Sistemas Web, Laboratório SO e Sistemas Operacionais em 01/2011. Atual: Professor Curso Técnico em Informática - Disciplinas. Desenvolvimento Web (html, css, javascript, jQuery, php).",16-04-2018
436674201471603,Gustavo Rossarolla Forgiarini,"FORGIARINI, Gustavo Rossarolla",Santa Maria,RS,,23-08-2005
3582491735279272,Alison Luiz Bolzon Alonso,SEM_DADOS,Antonina,PR,"Possui graduação(2007) e é mestrando em Ciências da Computação pela Universidade Federal do Paraná. Tem experiência na área de Ciência da Computação, com ênfase em Banco de Dados. Atualmente é diretor de tecnologia na empresa Youse Technologies, onde coordena e desenvolve trabalhos com foco na inovação e integração de aplicações.",29-04-2010
9486400043926456,Robinson Figueiredo de Camargo,"CAMARGO, R. F.;Camargo, Robinson Figueiredo de;DE CAMARGO, ROBINSON FIGUEIREDO;CAMARGO, ROBINSON",Santa Maria,RS,"Possui graduação (2000), mestrado (2002) e doutorado (2006) em Engenharia Elétrica pela Universidade Federal de Santa Maria com ênfase em Processamento de Energia Elétrica. Foi professor e coordenador do Curso de Engenharia Elétrica da UNIJUI e professor do mestrado em Modelagem Matemática. Também foi coordenador do Curso de Engenharia de Controle e Automação da Universidade Federal de Santa Maria (UFSM). Atualmente, é Chefe do Departamento de Processamento de Energia Elétrica (UFSM) e também é professor do Programa de Pós-Graduação em Engenharia Elétrica. Entre suas áreas de interesse destacam-se: pequenas centrais hidrelétricas, DSTATCOM, métodos de sincronização de conversores, filtros ativos de potência e retificadores PWM trifásicos. É membro da Sociedade Brasileira de Eletrônica de Potência (SOBRAEP).",17-06-2020
3085789644194123,Klaus Werner Schaly,SEM_DADOS,SEM_DADOS,SC,SEM_DADOS,27-05-2008
3086826486256981,Tania Maria Antunes Cernach,"CERNACH, T. M. A.",,,"Possui graduação em Engenharia Elétrica pelo Instituto Maua de Tecnologia (2003), especialização em Telecomunicações pela UNICAMP (2006) e mestrado em Engenharia da Computação pelo Instituto de Pesquisas Tecnológicas do Estado de São Paulo (2012). Tem experiência na área de Ciência da Computação, com ênfase em Software Básico. 
 
Experiência atual: Análise de requisitos da área de negócios e construção de processos ETL´s (extração, transformação e carga) de dados para gestão e inteligência do business de risco de crédito - empresa Itaú Unibanco.. 
Experiência em gerenciamento de projetos.",17-08-2017
2224821652873925,Luan José Félix Mota Silva Pimentel,"PIMENTEL, Luan Félix;PIMENTEL, LUAN FÉLIX",Salvador,BA,"Acadêmico de Ciência da Computação pela Universidade Federal da Fronteira Sul (UFFS). Tem experiência na área de Ciência da Computação, com ênfase em Engenharia de Software e Banco de Dados, atuando principalmente nos seguintes temas: Integração de Dados, Métodos Ágeis, Startups de Software e Cidades Inteligentes. Em 2017, fui agraciado com o prêmio 1st Citizen Empowerment Award pela IEEE. Além disso, fui embaixador internacional da University of Limerick (UL), Diretor de Projetos da empresa Júnior (FronteiraTec), Growth Hacking Engineer, Pesquisador assistente no Irish Software Engineering Research Centre (LERO), Desenvolvedor Mobile (FronteiraTec), Presidente do Centro Acadêmico do curso de Ciência da Computação (UFFS) e Bolsista da Higher Education Authority (HEA) e CAPES durante o ano de intercâmbio na Irlanda pelo programa Ciência sem Fronteiras (CAPES 138/2013).",18-02-2018
5020653372999435,Ricardo Wilmar Gross,SEM_DADOS,SEM_DADOS,SC,SEM_DADOS,27-11-2008
6771642666904396,Alex Sandro Romeo de Souza Poletto,"POLETTO, A. S. R. S.",Assis,SP,"Doutor pela Escola Politécnica USP-SP, departamento de Engenharia Elétrica, área de SISTEMAS DE BANCOS DE DADOS (2007). Mestre pela Unesp - Marília, departamento de Ciência Cognitiva e Filosofia da Mente (2002), área de Redes Neurais Artificiais. Especialista pela Unoeste - Presidente Prudente, em SISTEMAS DE INFORMAÇÃO (Banco de Dados Distribuídos) (1996). Graduado pela FEMA/IMESA-Instituto Municipal de Ensino Superior de Assis, em Tecnologia em Processamento de Dados (1992). Atualmente é Coordenador e Docente dos Cursos de Ciência da Computação e de Análise e Desenvolvimento de Sistemas da Fundação Educacional do Município de Assis - FEMA. Titular das disciplinas de Banco de Dados I e II, e Introdução à Lógica a mais de 15 anos. Administrativamente tem a função de Coordenador de Pesquisa e Desenvolvimento, Representante de IC/CNPq (PIBIC/PIBITI) e Supervisor de TCC. Tem experiência na área de Sistemas de Bancos de Dados, SQL, PL/SQL, Bancos de Dados Temporais, Data Warehouse, Flashback, Migração de Dados, Modelagem e Projeto de Banco de Dados (IDEF1X), Lógica. É Especialista do CEE - Conselho Estadual de Educação, com a função de Avaliador de Curso.",02-06-2020
732331994776858,Augusto Blaas Corrêa,"CORRÊA, A. B.;CORREA, AUGUSTO B.",,SEM_DADOS,SEM_DADOS,13-04-2019
1108920954251199,Samuel Santos Troina,"TROINA, S. S.",Rio Grande,RS,,21-10-2015
9113125773849536,Juliana Bonato dos Santos,SEM_DADOS,Porto Alegre,RS,"Juliana Bonato dos Santos possui  graduação em Ciência da Computação pela Universidade Federal do Rio Grande do Sul (2005) e mestrado em Ciência da Computação pela Universidade Federal do Rio Grande do Sul (2008) na área de Sistemas de Informação. Como funcionária concursada do Tribunal Regional Federal da 4ª Região, trabalha na análise e desenvolvimento do Sistema de Processo Eletrônico utilizado no âmbito da Justiça Federal da 4ª Região.",21-07-2010
7914190406004023,Luiz Gustavo Moro Senko,"SENKO, L. G. M.",São José dos Pinhais,PR,"Professor do Instituto Federal Catarinense. Líder do grupo de pesquisa Gestão do Conhecimento. Possui graduação em Bacharelado em Análise de Sistemas pela Pontifícia Universidade Católica do Paraná (2002) e mestrado em Informática Aplicada pela Pontifícia Universidade Católica do Paraná (2006). Atuação na área de Ciência da Computação, com interesse principal em metodologias e desenvolvimento de sistemas de informação. Atuação e participação em pesquisa e desenvolvimento de sistemas computacionais, utilizando técnicas de inteligência artificial. Interesse nos seguintes temas: metodologias e técnicas de desenvolvimento de sistemas, mineração de dados, mineração de dados distribuídos, aplicações de lógicas não triviais para validação de conhecimento e aprendizagem de máquina.Atuação como bolsista de produtividade CNPQ nível 6B",21-06-2018
6258016409321537,Marcel Felipe Weschenfelder,SEM_DADOS,SEM_DADOS,SEM_DADOS,SEM_DADOS,19-07-2002
283151657931047,Gabriely Simette,"SIMETTE, G.",,,"Graduanda do curso de Bacharelado em Sistemas de Informação, já estagiou na Caixa Econômica Federal no período de fev/2015 à dez/2015.",21-05-2015
9971763298787054,Juarez Angelo Piazza Sacenti,"SACENTI, J. A. P.;SACENTI, JUAREZ A.P.;Sacenti, Juarez A. P.",Florianópolis,SC,"Possui Mestrado em Ciência da Computação pela Universidade Federal de Santa Catarina (UFSC) desde 2016. Cursando doutorado no Programa de Pós-Graduação em Ciências da Computação (PPGCC) pela Universidade Federal de Santa Catarina (UFSC). Sua área de pesquisa é bancos de dados, com foco de interesse em sistemas de recomendação e tecnologias da web semântica.",20-08-2019
9727123750824948,Nádia Puchalski Kozievitch,"Kozievitch, N. P.;KOZIEVITCH, NÁDIA P.;KOZIEVITCH, NÁDIA PUCHALSKI;KOZIEVITCH, NADIA P.;KOZIEVITCH, NADIA;KOZIEVITCH, NADIA PUCHALSKI;KOZIEVITCH, NADIA PUCHASLKI",FOZ DO IGUAÇU,PR,"Possui graduação em Ciências da Computação pela Universidade Federal do Paraná (2001), mestrado em Informática pela Universidade Federal do Paraná (2005) e doutorado em Ciências da Computação pela Universidade Estadual de Campinas (2011). No período de fevereiro/2010 a setembro/2010 fez doutorando sanduíche, no Digital Library Research Laboratory (DLIB), na Virginia Polytechnic Institute and State University (EUA). Trabalhou em projetos de P&amp;D na área de telefonia na IBM (2006-2012); e na Compania Paranaense de Energia (Copel/Simepar), na área de meteorologia (1999 -2004). Atualmente é professora associada da Universidade Tecnológica Federal do Paraná (UTFPR), câmpus Curitiba. Atua como professor permanente no Programa de Pós-Graduação em Computação Aplicada (PPGCA, UTFPR). Tem experiência na área de Ciência da Computação, com ênfase em Banco de Dados. Seus interesses englobam cidades inteligentes, bibliotecas digitais, GIS e recuperação de informação baseada em conteúdo. Líder de projeto EU-BR H2020 na UTFPR sobre Big Data. Atua como voluntária em prol do incentivo do ensino de computação para meninas de segundo grau.",06-07-2020
6130162565784855,Renan Bet Rodrigues,SEM_DADOS,Criciúma,SC,Atualmente é Bacharel em Ciência da Computação pela Universidade do Estado de Santa Catarina. Atua profissionalmente como Analista de Sistemas na Maxximo Fidelidade S/A.,01-05-2013
1789870053639215,Fhabiana Thieli dos Santos Machado,"MACHADO, Fhabiana Thieli S.",Santiago,RS,"Mestre em Ciência da Computação pela Universidade Federal de Santa Maria (UFSM) (2017) na linha de pesquisa de Banco de Dados. Bacharel em Ciência da Computação pela URI - Campus Santiago/ RS (2014) onde obteve Láurea Acadêmica, com média geral - 9,29. Também possui licenciatura em Formação de Professores para Educação Profissional e Tecnológica (2017) pela UFSM. Tem interesse de pesquisa em bancos de dados NoSQL, mineração de dados, integração de dados, recuperação de informação, programação e jogos educacionais.",04-01-2020
513694670507977,Elisa Mannes,"MANNES, Elisa.;MANNES, ELISA",Joinville,SC,"Analista de suporte na Universidade do Estado de Santa Catarina (UDESC) e coordenadora de informática no Centro de Educação a Distância (CEAD/UDESC). Possui graduação em Sistemas de Informação (com ênfase em redes de computadores) pela Sociedade Educacional de Santa Catarina (2009) e mestrado (2011) e doutorado (2016) em Informática pela Universidade Federal do Paraná. Suas áreas de interesse são redes de computadores, redes centradas em informação, segurança em aplicações de rede e protocolos e infraestruturas de rede para assistência em cenários críticos. Atuou como professora substituta no Instituto Federal de Santa Catarina para as disciplinas de redes de computadores no ensino técnico e superior (2015). Possui o reconhecimento de melhor dissertação de mestrado do biênio 2012-2014, pelo II Concurso de Teses e Dissertações do Simpósio Brasileiro de Segurança da Informação e de Sistemas Operacionais, 2012 e finalista no IV Concurso de Teses e Dissertações em Segurança. É membro da equipe campeã do desafio OEA Cyberwomen Challenge, realizado em Florianópolis (2018).",14-02-2020
8419929244627524,Cleiton Fernando Lima Sena,"SENA, C. F. L.;LIMA SENA, CLEITON FERNANDO",Salvador,BA,"Formou-se Bacharel em Ciência da Computação pela Universidade Estadual de Santa Cruz (2015). Obteve seu mestrado em Ciência da Computação pela Universidade Federal da Bahia (2017) e atualmente é aluno de doutorado pela mesma instituição. Tem atuado na área de Ciência da Computação com Processamento de Linguagem Natural, com ênfase em análise semântica e pragmática, aplicadas à Extração de Informação Aberta. Também possui experiência com Aprendizado de Máquina, Mineração de Textos e Mineração de Dados, com destaque para tarefas de classificação. Também possui conhecimentos em Banco de Dados relacionais.",25-08-2018
1394224092286,Alex Marino Gonçalves de Almeida,"ALMEIDA, A. M. G.;ALMEIDA, ALEX M.G.;ALMEIDA, ALEX MARINO GONCALVES DE",Manduri,SP,"Possui graduação em Processamento de Dados pelo Centro Estadual de Educação Tecnológica Paula Souza (1999) e mestrado em Ciência da Computação pela Universidade Estadual de Londrina (2016). Atualmente é coordenador de curso do Centro Estadual de Educação Tecnológica Paula Souza e professor associado do Centro Estadual de Educação Tecnológica Paula Souza. Tem experiência na área de Ciência da Computação, com ênfase em Sistemas de Informação, atuando principalmente nos seguintes temas: aprendizado de máquina, segurança informação, análise de sentimentos, reconhecimento de voz e mineração de textos.",06-04-2020
776438722468291,Geomar André Schreiner,"SCHREINER, G. A.;SCHREINER, GEOMAR A.;SCHREINER, GEOMAR ANDRE",Alecrim,RS,"Mestre em Ciência da Computação pela Universidade Federal de Santa Catarina (UFSC) em 2016 e graduado em Ciência da Computação pela Universidade Federal da Fronteira Sul em 2014. Atualmente cursa Doutorado em Ciência da Computação na UFSC. Atua na área de Banco de Dados com ênfase em integração e interoperabilidade de dados, bancos de dados NoSQL e NewSQL.",17-02-2020
412793120877584,Vinícios Camponogara Tomazetti,"TOMAZETTI, V. C.",Uruguaiana,SEM_DADOS,SEM_DADOS,31-07-2018
9408286832772730,Anselmo Maciel Nunes,"NUNES, Anselmo Maciel",Lauro Muller,SC,"Possui graduação em Ciência da Computação pela Universidade do Sul de Santa Catarina (1999). Analista de Sistemas do Tribunal de Justiça do Estado de Santa Catarina. Tem experiência na área de Ciência da Computação, com ênfase em Linguagens de Programação, atuando principalmente nos seguintes temas: engenharia de software, banco de dados, padrões de projeto, gerência e configuração, modelagem de informações e prática ágil para o desenvolvimento de soluções de software. Interesse em pesquisa do tema envolvendo web semântica, inferência sobre ontologias, recuperação, integração e mediação de informações. Atuou como Chefe de Seção no Tribunal de Justiça a frente de projetos de integração de informações com o CNJ e Tribunais Superiores. Leigo possui interesse em temas econômicos e jurídicos bem como seus desdobramentos para a sociedade.",26-10-2016
4940517936484660,André Magno Costa de Araujo,"Araújo, André M.C de;André Magno C. de Araújo;André Magno Costa de Araújo;de Araújo, André Magno Costa;ARAUJO, ANDRE;ARAÚJO, ANDRÉ;DE ARAUJO, ANDRE MAGNO COSTA;MAGNO, ANDRÉ",Araguaina,TO,"Professor Adjunto (DE) da Universidade Federal de Alagoas (Penedo), possui doutorado e mestrado em Ciência da Computação pela Universidade Federal de Pernambuco. Atuou como Analista de Sistemas e Coordenador de TI na área Informática em Saúde de 2003 a 2014. Desde 2002 é professor de ensino superior em cursos de Graduação e Pós-Graduação. Tem experiência na área de Ciência da Computação, com ênfase em Linguagens de Programação, Banco de Dados, Engenharia de Software, Modelagem de Dados e Desenvolvimento de Sistemas.",19-06-2020
257722045660099,Josiane Mariano Diniz Duszczak,SEM_DADOS,Curitiba,PR,SEM_DADOS,11-03-2012
